Count,Barcode
2272641,AAAA
5802179,AAAT
5732757,AACA
6642990,AACT
779285,ACAA
3404892,ACAT
1304872,ACCA
1797715,ACCT
1055667,AGAA
3563581,AGAT
9104997,AGCA
9158145,AGCT
1361261,ATAA
3544441,ATAT
3208727,ATCA
4032465,ATCT
886333,CAAA
2706426,CAAT
2146451,CACA
2197825,CACT
173732,CCAA
311129,CCAT
275673,CCCA
303170,CCCT
338496,CGAA
1588559,CGAT
2691761,CGCA
2526362,CGCT
424114,CTAA
1093411,CTAT
949402,CTCA
1018576,CTCT
1699836,GAAA
5009155,GAAT
4895503,GACA
5849357,GACT
785312,GCAA
3716472,GCAT
1513811,GCCA
2005837,GCCT
443430,GGAA
1781845,GGAT
1924144,GGCA
5463799,GGCT
1099139,GTAA
3211089,GTAT
2616256,GTCA
3151100,GTCT
1465496,TAAA
3869026,TAAT
4029303,TACA
1874400,TACT
426122,TCAA
1644136,TCAT
607658,TCCA
776761,TCCT
628716,TGAA
3046981,TGAT
6121509,TGCA
4810472,TGCT
791640,TTAA
2202220,TTAT
1764111,TTCA
2055809,TTCT
